USE beehub;

-- ===============================
-- Members (10명)
-- ===============================
INSERT INTO members (hakbun, pw, name, nickname, major, phone, is_fee_paid, point, role)
VALUES
('202500001', '1234', '김소연', '소연', '소프트웨어융합학과', '01011111111', 'Y', 120, 'USER'),
('202500002', '1234', '박민지', '민지', '수학과', '01022222222', 'N', 80, 'USER'),
('202500003', '1234', '이세훈', '세훈', '데이터사이언스학부', '01033333333', 'Y', 200, 'USER'),
('202500004', '1234', '정다인', '다인', '사회복지학과', '01044444444', 'Y', 95, 'USER'),
('202500005', '1234', '최하윤', '하윤', '유아교육과', '01055555555', 'N', 60, 'USER'),
('202500006', '1234', '홍길동', '길동', '소프트웨어융합학과', '01066666666', 'Y', 30, 'USER'),
('202500007', '1234', '김철수', '철수', '행정학과', '01077777777', 'N', 10, 'USER'),
('202500008', '1234', '박하늘', '하늘', '식품영양학과', '01088888888', 'Y', 150, 'USER'),
('202500009', '1234', '정윤아', '윤아', '화학과', '01099999999', 'N', 70, 'USER'),
('202500010', '1234', '최지우', '지우', '미디어콘텐츠학과', '01010101010', 'Y', 110, 'USER');
('council_soft', '1234', '소프트웨어융합학과 학생회', '소융학생회', '소프트웨어융합학과', '01010101011', 'Y', 110, 'ADMIN_COUNCIL');
('council_math', '1234', '수학과 학생회', '수학회', '수학과', '010101010120', 'Y', 110, 'ADMIN_COUNCIL');


-- ===============================
-- Community Post (10개)
-- ===============================
INSERT INTO community_post
(writer_hakbun, writer_nickname, title, content, like_count, comment_count, is_notice, created_at)
VALUES
('202500001','소연','BeeHub 첫 게시글','BeeHub 테스트 게시글입니다!',5,2,0,NOW()),
('202500002','민지','시험 끝!','드디어 시험 끝났어요 ㅠㅠ 다들 고생!',3,1,0,NOW()),
('202500003','세훈','대타 모집','오늘 3시 세미나실 대타 구합니다',1,3,0,NOW()),
('202500004','다인','간식 추천','중간고사 때 먹기 좋은 간식 추천해주세요!',2,1,0,NOW()),
('202500005','하윤','코딩 질문','Java Swing 버튼 이벤트가 왜 안될까요?',4,5,0,NOW()),
('202500006','길동','분실물','오늘 6관에서 카드 줍신 분..?',0,0,0,NOW()),
('202500007','철수','꿀단지 포인트 질문','포인트 어떻게 모아?',1,2,0,NOW()),
('202500008','하늘','사진 공유','오늘 행사 사진 공유합니다~',6,3,0,NOW()),
('202500009','윤아','영화 추천좀','재밌는 영화 뭐 있어요?',2,1,0,NOW()),
('202500010','지우','동아리 홍보','영상제작 동아리에서 신입모집 합니다!',7,2,0,NOW());

-- ===============================
-- Community Comments (20개)
-- ===============================
INSERT INTO community_comment (post_id, writer_hakbun, writer_nickname, content, created_at)
VALUES
(1,'202500002','민지','오 첫 글이네!',NOW()),
(1,'202500003','세훈','화이팅!',NOW()),
(2,'202500001','소연','시험 끝난 거 축하!!',NOW()),
(3,'202500004','다인','저 대타 할게요!',NOW()),
(3,'202500006','길동','저도 가능합니다!',NOW()),
(3,'202500007','철수','쪽지 주세요!',NOW()),
(4,'202500008','하늘','초코바 강추!',NOW()),
(5,'202500001','소연','코드 보내봐!',NOW()),
(5,'202500003','세훈','actionListener 확인해보셈!',NOW()),
(5,'202500004','다인','layout 문제일 수도?',NOW()),
(5,'202500006','길동','저도 궁금!',NOW()),
(6,'202500009','윤아','연락드릴게요!',NOW()),
(7,'202500010','지우','꿀벌 이벤트 참여하면 모임!',NOW()),
(8,'202500002','민지','사진 잘 찍혔다!',NOW()),
(8,'202500004','다인','예쁘다~',NOW()),
(8,'202500005','하윤','혹시 원본?',NOW()),
(9,'202500007','철수','저는 파묘 추천!',NOW()),
(10,'202500009','윤아','영상제작 관심 있어요!',NOW()),
(10,'202500003','세훈','홍보 잘 봤어요!',NOW());

-- ===============================
-- Items (5개)
-- ===============================
INSERT INTO item
(name, total_stock, available_stock, max_rent_days, target_major, image_path, is_active)
VALUES
('아이패드 9세대', 5, 5, 3, '전체학과', '/img/ipad.png', 1),
('카메라 Canon M50', 3, 3, 2, '전체학과', '/img/camera.png', 1),
('노트북 충전기', 10, 10, 5, '전체학과', '/img/charger.png', 1),
('삼각대', 4, 4, 3, '전체학과', '/img/tripod.png', 1),
('마이크', 2, 2, 2, '전체학과', '/img/mic.png', 1);

-- ===============================
-- Rental Records (5개)
-- ===============================
INSERT INTO rental
(item_id, item_name, renter_id, renter_name, rent_date, due_date, return_date, is_returned)
VALUES
(1,'아이패드 9세대','202500001','김소연','2025-01-10','2025-01-12',NULL,0),
(2,'카메라 Canon M50','202500002','박민지','2025-01-08','2025-01-09','2025-01-09',1),
(3,'노트북 충전기','202500003','이세훈','2025-01-03','2025-01-05','2025-01-04',1),
(4,'삼각대','202500004','정다인','2025-01-06','2025-01-08',NULL,0),
(5,'마이크','202500005','최하윤','2025-01-07','2025-01-10',NULL,0);

-- ===============================
-- Space Info (3개)
-- ===============================
INSERT INTO space_info
(building_name, room_name, min_people, max_people, oper_time, room_type, is_active)
VALUES
('6관','세미나실 601',2,12,'09:00~18:00','세미나실',1),
('6관','실습실 603',4,20,'09:00~20:00','실습실',1),
('센터','세미나실 101',2,10,'10:00~17:00','세미나실',1);

-- ===============================
-- Space Reservation (5개)
-- ===============================
INSERT INTO space_reservation
(space_id, reserve_date, time_slot, hakbun, status)
VALUES
(1,'2025-01-15','09:00-11:00','202500001','APPROVED'),
(1,'2025-01-15','13:00-15:00','202500002','APPROVED'),
(2,'2025-01-16','10:00-12:00','202500003','APPROVED'),
(3,'2025-01-17','14:00-16:00','202500004','APPROVED'),
(3,'2025-01-17','16:00-18:00','202500005','APPROVED');

-- ===============================
-- Events (3개)
-- ===============================
INSERT INTO events
(event_type, event_name, event_date, location, apply_start, apply_end,
 total_quantity, remaining_quantity, secret_code, description, status,
 target_major, created_at, owner_hakbun)
VALUES
('SNACK','중간고사 간식 이벤트','2025-03-10 12:00:00','학생회관 앞',
 '2025-03-01 09:00:00','2025-03-05 23:59:59',100,100,'CODE123',
 '중간고사 응원 간식 나눔!', 'SCHEDULED','전체학과', NOW(),'202500001'),

('ACTIVITY','스터디룸 무료대여 이벤트','2025-02-20 14:00:00','6관 601호',
 '2025-02-15 09:00:00','2025-02-18 23:59:59',30,25,'STUDY2025',
 '기말 대비 스터디룸 지원!', 'PROGRESS','전체학과', NOW(),'202500003'),

('SNACK','핫초코 데이','2025-01-25 15:00:00','정문 앞',
 '2025-01-20 09:00:00','2025-01-23 23:59:59',200,180,'HOT2025',
 '추운 겨울 따뜻한 핫초코 나눔', 'CLOSED','전체학과', NOW(),'202500004');

-- ===============================
-- Event Participation (10명)
-- ===============================
INSERT INTO event_participation
(event_id, participant_hakbun, participation_type, participation_date, quantity)
VALUES
(1,'202500001','APPLY',NOW(),1),
(1,'202500002','APPLY',NOW(),2),
(1,'202500003','APPLY',NOW(),1),
(2,'202500004','APPLY',NOW(),1),
(2,'202500005','APPLY',NOW(),1),
(2,'202500006','APPLY',NOW(),1),
(3,'202500007','APPLY',NOW(),1),
(3,'202500008','APPLY',NOW(),2),
(3,'202500009','APPLY',NOW(),1),
(3,'202500010','APPLY',NOW(),1);

-- ===============================
-- Lottery Round (2개)
-- ===============================
INSERT INTO lottery_round
(round_name, prize_name, winner_count, announcement_date,
 application_start, application_end, pickup_location,
 pickup_start, pickup_end, is_drawn, created_at)
VALUES
('1회차 경품','스타벅스 기프티콘',3,'2025-03-10',
 '2025-03-01 09:00:00','2025-03-05 23:59:59',
 '학생회관 1층','2025-03-11 10:00:00','2025-03-12 17:00:00',0,NOW()),
('2회차 경품','문화상품권',5,'2025-04-01',
 '2025-03-20 09:00:00','2025-03-28 23:59:59',
 '학생회관 2층','2025-04-02 10:00:00','2025-04-03 17:00:00',0,NOW());

-- ===============================
-- Lottery Entry (20명)
-- ===============================
INSERT INTO lottery_entry
(round_id, hakbun, entry_count, is_win, created_at)
VALUES
(1,'202500001',1,'N',NOW()),
(1,'202500002',1,'N',NOW()),
(1,'202500003',1,'N',NOW()),
(1,'202500004',1,'N',NOW()),
(1,'202500005',1,'N',NOW()),
(1,'202500006',1,'N',NOW()),
(1,'202500007',1,'N',NOW()),
(1,'202500008',1,'N',NOW()),
(1,'202500009',1,'N',NOW()),
(1,'202500010',1,'N',NOW()),

(2,'202500001',1,'N',NOW()),
(2,'202500002',1,'N',NOW()),
(2,'202500003',1,'N',NOW()),
(2,'202500004',1,'N',NOW()),
(2,'202500005',1,'N',NOW()),
(2,'202500006',1,'N',NOW()),
(2,'202500007',1,'N',NOW()),
(2,'202500008',1,'N',NOW()),
(2,'202500009',1,'N',NOW()),
(2,'202500010',1,'N',NOW());
